variable,year,region,value,clim,anomaly,anomaly_pct
precip,1991,Caribe,110.49464954682418,129.95745851211072,-19.46280896528654,-14.976292386845042
precip,1991,Andina,200.6631057650294,237.5929883984579,-36.92988263342849,-15.54333858181658
precip,1991,Pacifica,312.54415317683464,362.8999258353785,-50.355772658543856,-13.8759390877877
precip,1991,Orinoquia,246.78845019784708,264.8325144547327,-18.044064256885605,-6.813387054847392
precip,1991,Amazonia,361.0401371665134,351.4130242896355,9.627112876877902,2.739543560270325
precip,1991,Colombia,269.25361366960243,285.0967699518188,-15.843156282216398,-5.557115320841369
precip,1992,Caribe,111.23176286688239,129.95745851211072,-18.725695645228328,-14.409096530218218
precip,1992,Andina,176.84025480331476,237.5929883984579,-60.75273359514313,-25.570086897201318
precip,1992,Pacifica,299.5908092919164,362.8999258353785,-63.309116543462096,-17.445337415742785
precip,1992,Orinoquia,226.0032244140205,264.8325144547327,-38.82929004071218,-14.66182886216156
precip,1992,Amazonia,335.1064009024283,351.4130242896355,-16.306623387207196,-4.6403013719170625
precip,1992,Colombia,249.486964077374,285.0967699518188,-35.60980587444482,-12.490427681963164
precip,1993,Caribe,146.74642489988634,129.95745851211072,16.788966387775616,12.91881711137884
precip,1993,Andina,254.8101976765727,237.5929883984579,17.217209278114808,7.2465140466352915
precip,1993,Pacifica,387.38215539124195,362.8999258353785,24.482229555863455,6.746275712100662
precip,1993,Orinoquia,289.86731294319105,264.8325144547327,25.034798488458364,9.453068306209627
precip,1993,Amazonia,409.6104005380931,351.4130242896355,58.1973762484576,16.56096166785531
precip,1993,Colombia,319.195396893923,285.0967699518188,34.09862694210415,11.96036943802162
precip,1994,Caribe,131.74578001045361,129.95745851211072,1.7883214983428957,1.376082233999861
precip,1994,Andina,254.91239143399528,237.5929883984579,17.31940303553739,7.289526156593349
precip,1994,Pacifica,376.83664845228014,362.8999258353785,13.936722616901648,3.8403762648393966
precip,1994,Orinoquia,227.74201714240974,264.8325144547327,-37.09049731232295,-14.005265701112679
precip,1994,Amazonia,363.67823373488056,351.4130242896355,12.265209445245091,3.490254656906534
precip,1994,Colombia,286.21183530141263,285.0967699518188,1.1150653495938059,0.39111819814102106
precip,1995,Caribe,121.82093549352562,129.95745851211072,-8.136523018585095,-6.260912695385508
precip,1995,Andina,244.27287227427863,237.5929883984579,6.679883875820735,2.811481904768235
precip,1995,Pacifica,409.20880540699807,362.8999258353785,46.30887957161957,12.760785074568068
precip,1995,Orinoquia,265.8574616882035,264.8325144547327,1.0249472334708116,0.3870171438658465
precip,1995,Amazonia,358.98687246533376,351.4130242896355,7.573848175698288,2.1552553981197646
precip,1995,Colombia,293.5562781607687,285.0967699518188,8.459508208949899,2.967240986412982
precip,1996,Caribe,109.3140780732101,129.95745851211072,-20.64338043890062,-15.884721566001437
precip,1996,Andina,212.86784812262738,237.5929883984579,-24.725140275830512,-10.406510917049854
precip,1996,Pacifica,374.5959027137228,362.8999258353785,11.695976878344311,3.222920713312554
precip,1996,Orinoquia,199.7294310040309,264.8325144547327,-65.10308345070177,-24.58273810704226
precip,1996,Amazonia,306.35178025276645,351.4130242896355,-45.06124403686903,-12.82287249539432
precip,1996,Colombia,248.7687377375628,285.0967699518188,-36.32803221425604,-12.742351384898349
precip,1997,Caribe,101.60241568210849,129.95745851211072,-28.355042830002233,-21.81871141113446
precip,1997,Andina,197.1376779317344,237.5929883984579,-40.45531046672349,-17.0271482923046
precip,1997,Pacifica,310.84680207983183,362.8999258353785,-52.053123755546665,-14.34365786538061
precip,1997,Orinoquia,237.88163430582665,264.8325144547327,-26.950880148906037,-10.176575260932584
precip,1997,Amazonia,342.3940584870517,351.4130242896355,-9.01896580258375,-2.5664859237403497
precip,1997,Colombia,258.7984652051808,285.0967699518188,-26.298304746638053,-9.224343282136255
precip,1998,Caribe,117.99094656783514,129.95745851211072,-11.966511944275581,-9.208022441559539
precip,1998,Andina,246.4836462842366,237.5929883984579,8.890657885778722,3.7419698054677224
precip,1998,Pacifica,410.8415734959775,362.8999258353785,47.94164766059902,13.21070748367876
precip,1998,Orinoquia,304.74042392098477,264.8325144547327,39.90790946625208,15.069112472242702
precip,1998,Amazonia,394.62591040637534,351.4130242896355,43.21288611673987,12.2968937204569
precip,1998,Colombia,314.94081556179736,285.0967699518188,29.844045609978537,10.468040593733194
precip,1999,Caribe,167.96972547938304,129.95745851211072,38.012266967272325,29.24977712128001
precip,1999,Andina,274.3818647240669,237.5929883984579,36.78887632560898,15.483990741305801
precip,1999,Pacifica,455.6176223147463,362.8999258353785,92.71769647936782,25.549108687728733
precip,1999,Orinoquia,354.33232000721324,264.8325144547327,89.49980555248055,33.794870594629565
precip,1999,Amazonia,435.6925563585519,351.4130242896355,84.27953206891641,23.98304167561331
precip,1999,Colombia,356.82811425780613,285.0967699518188,71.7313443059873,25.16034970094886
precip,2000,Caribe,112.88004107875165,129.95745851211072,-17.077417433359074,-13.140775165103458
precip,2000,Andina,207.2900572362534,237.5929883984579,-30.302931162204487,-12.754135282554985
precip,2000,Pacifica,387.62469510741664,362.8999258353785,24.724769272038145,6.813109486071924
precip,2000,Orinoquia,261.67242411839936,264.8325144547327,-3.160090336333326,-1.1932410726982219
precip,2000,Amazonia,406.11001656982336,351.4130242896355,54.696992280187885,15.56487338246931
precip,2000,Colombia,298.4378566783518,285.0967699518188,13.341086726532978,4.679494169221074
precip,2001,Caribe,83.2104208238249,129.95745851211072,-46.747037688285815,-35.971031000063356
precip,2001,Andina,160.83787084441605,237.5929883984579,-76.75511755404185,-32.30529573764982
precip,2001,Pacifica,293.27498552139207,362.8999258353785,-69.62494031398643,-19.185713569302365
precip,2001,Orinoquia,193.9210158463319,264.8325144547327,-70.91149860840079,-26.77597905770802
precip,2001,Amazonia,323.20059422777695,351.4130242896355,-28.212430061858527,-8.028282423193788
precip,2001,Colombia,230.98925464191527,285.0967699518188,-54.10751530990356,-18.978649010666693
precip,2002,Caribe,130.1686317788774,129.95745851211072,0.21117326676667858,0.16249414938119877
precip,2002,Andina,272.47168338721383,237.5929883984579,34.87869498875594,14.68001864190632
precip,2002,Pacifica,406.4128177282013,362.8999258353785,43.51289189282278,11.990328130450331
precip,2002,Orinoquia,259.77732429632226,264.8325144547327,-5.055190158410426,-1.9088253452634496
precip,2002,Amazonia,377.9684266060215,351.4130242896355,26.55540231638605,7.556749602569944
precip,2002,Colombia,304.988566488936,285.0967699518188,19.89179653711716,6.977208665141616
precip,2003,Caribe,161.33877660159104,129.95745851211072,31.381318089480317,24.147377494732936
precip,2003,Andina,251.2335664516494,237.5929883984579,13.640578053191518,5.7411534511765305
precip,2003,Pacifica,365.264628121942,362.8999258353785,2.3647022865634995,0.6516127775777486
precip,2003,Orinoquia,276.7696344880708,264.8325144547327,11.93712003333809,4.507422382752205
precip,2003,Amazonia,405.1628847273157,351.4130242896355,53.74986043768024,15.29535239803163
precip,2003,Colombia,313.21381161402905,285.0967699518188,28.117041662210227,9.862279978465553
precip,2004,Caribe,154.41532522397148,129.95745851211072,24.45786671186076,18.81990229101128
precip,2004,Andina,266.28911020573815,237.5929883984579,28.696121807280264,12.077848761746758
precip,2004,Pacifica,344.54328076630895,362.8999258353785,-18.356645069069543,-5.058321526744161
precip,2004,Orinoquia,285.97985850682807,264.8325144547327,21.147344052095377,7.985176629703469
precip,2004,Amazonia,334.8969011556874,351.4130242896355,-16.5161231339481,-4.699917758408257
precip,2004,Colombia,290.44615671752734,285.0967699518188,5.349386765708516,1.8763407128788445
precip,2005,Caribe,159.9796833243928,129.95745851211072,30.022224812282076,23.101578898208686
precip,2005,Andina,253.7069248325893,237.5929883984579,16.113936434131404,6.782159920943186
precip,2005,Pacifica,419.4968361595199,362.8999258353785,56.59691032414139,15.595734883069479
precip,2005,Orinoquia,343.9054724354787,264.8325144547327,79.07295798074603,29.857722773787966
precip,2005,Amazonia,421.1133766768492,351.4130242896355,69.70035238721374,19.834311072593184
precip,2005,Colombia,340.3379526575734,285.0967699518188,55.24118270575457,19.37629202712128
precip,2006,Caribe,170.16562759310517,129.95745851211072,40.20816908099445,30.939485537297926
precip,2006,Andina,278.74264855763863,237.5929883984579,41.14966015918074,17.319391635484738
precip,2006,Pacifica,380.1683430827635,362.8999258353785,17.268417247385003,4.758451577975366
precip,2006,Orinoquia,234.0360640975154,264.8325144547327,-30.79645035721728,-11.628651572721166
precip,2006,Amazonia,304.36509882309986,351.4130242896355,-47.04792546653562,-13.388213359946102
precip,2006,Colombia,276.3770555503728,285.0967699518188,-8.719714401446026,-3.058510414874098
precip,2007,Caribe,185.7377168140674,129.95745851211072,55.78025830195668,42.92193687117891
precip,2007,Andina,290.5877437107561,237.5929883984579,52.994755312298224,22.304848164720585
precip,2007,Pacifica,425.64477569387617,362.8999258353785,62.74484985849767,17.289849181991976
precip,2007,Orinoquia,256.9375615207103,264.8325144547327,-7.894952934022399,-2.9811116472150054
precip,2007,Amazonia,358.5132861044381,351.4130242896355,7.10026181480265,2.0204890894853675
precip,2007,Colombia,309.7622859671431,285.0967699518188,24.665516015324272,8.651629416739
precip,2008,Caribe,117.73395809636858,129.95745851211072,-12.223500415742137,-9.405770592692093
precip,2008,Andina,217.6160353275868,237.5929883984579,-19.976953070871105,-8.408056654167142
precip,2008,Pacifica,374.0927012931119,362.8999258353785,11.192775457733376,3.084259505418232
precip,2008,Orinoquia,198.18518873683308,264.8325144547327,-66.6473257178996,-25.165839570386854
precip,2008,Amazonia,276.36994291789586,351.4130242896355,-75.04308137173962,-21.354667068312448
precip,2008,Colombia,239.77610489016496,285.0967699518188,-45.32066506165387,-15.896590154042444
precip,2009,Caribe,99.33175437359198,129.95745851211072,-30.625704138518742,-23.56594572497333
precip,2009,Andina,198.1593123963036,237.5929883984579,-39.4336760021543,-16.597154767893077
precip,2009,Pacifica,329.08911332582335,362.8999258353785,-33.81081250955515,-9.316841945261976
precip,2009,Orinoquia,222.7041025283602,264.8325144547327,-42.12841192637248,-15.90756785023593
precip,2009,Amazonia,355.2333168451532,351.4130242896355,3.8202925555177103,1.0871232115657203
precip,2009,Colombia,261.87803361550067,285.0967699518188,-23.21873633631816,-8.144159732234817
precip,2010,Caribe,154.1799608925435,129.95745851211072,24.222502380432786,18.63879353886833
precip,2010,Andina,270.03435569737553,237.5929883984579,32.44136729891764,13.65417705193871
precip,2010,Pacifica,411.510085515083,362.8999258353785,48.61015967970451,13.394921359602435
precip,2010,Orinoquia,336.96124844617765,264.8325144547327,72.12873399144496,27.235603656881715
precip,2010,Amazonia,381.5203075385005,351.4130242896355,30.10728324886503,8.567492143959505
precip,2010,Colombia,326.500387583208,285.0967699518188,41.40361763138918,14.522654058264624
precip,2011,Caribe,170.58939046563884,129.95745851211072,40.631931953528124,31.265563684243364
precip,2011,Andina,358.9801316591669,237.5929883984579,121.387143260709,51.09037269110625
precip,2011,Pacifica,438.1518968446041,362.8999258353785,75.2519710092256,20.736287238416793
precip,2011,Orinoquia,317.4242191362887,264.8325144547327,52.591704681555996,19.858477268109535
precip,2011,Amazonia,315.7886837019781,351.4130242896355,-35.6243405876574,-10.137455963583106
precip,2011,Colombia,321.3274528248287,285.0967699518188,36.23068287300987,12.70820531538566
precip,2012,Caribe,203.65311950267173,129.95745851211072,73.69566099056101,56.707527089484685
precip,2012,Andina,321.4179306464547,237.5929883984579,83.8249422479968,35.28089899160546
precip,2012,Pacifica,374.1042300878172,362.8999258353785,11.204304252438703,3.0874363577360686
precip,2012,Orinoquia,346.4010483221496,264.8325144547327,81.56853386741693,30.800045090898116
precip,2012,Amazonia,349.81376303229496,351.4130242896355,-1.5992612573405154,-0.4550944748201479
precip,2012,Colombia,329.09838452169885,285.0967699518188,44.00161456988002,15.433922515964058
precip,2013,Caribe,122.14912602782258,129.95745851211072,-7.808332484288144,-6.008375797500292
precip,2013,Andina,214.69276225395842,237.5929883984579,-22.90022614449947,-9.638426747717991
precip,2013,Pacifica,371.8476738598271,362.8999258353785,8.947748024448629,2.465624098393334
precip,2013,Orinoquia,230.49961636602112,264.8325144547327,-34.33289808871157,-12.964004121397272
precip,2013,Amazonia,334.56017119413883,351.4130242896355,-16.85285309549664,-4.795739466277288
precip,2013,Colombia,267.11686405953276,285.0967699518188,-17.97990589228607,-6.306597544168832
precip,2014,Caribe,112.13488820067016,129.95745851211072,-17.822570311440558,-13.714157321551248
precip,2014,Andina,201.27890680423923,237.5929883984579,-36.31408159421866,-15.284155411740407
precip,2014,Pacifica,334.10272911713713,362.8999258353785,-28.797196718241366,-7.935299697830353
precip,2014,Orinoquia,317.27909901218766,264.8325144547327,52.44658455745497,19.803680324312882
precip,2014,Amazonia,369.23302328263696,351.4130242896355,17.81999899300149,5.070955758974432
precip,2014,Colombia,290.7116678173763,285.0967699518188,5.614897865557452,1.969470880538691
precip,2015,Caribe,108.7082955627083,129.95745851211072,-21.249162949402418,-16.350860652928368
precip,2015,Andina,202.62037158101379,237.5929883984579,-34.972616817444106,-14.71954919763579
precip,2015,Pacifica,318.5106168769658,362.8999258353785,-44.3893089584127,-12.231831917912523
precip,2015,Orinoquia,229.88189970752413,264.8325144547327,-34.95061474720856,-13.19725216488952
precip,2015,Amazonia,330.8049115149394,351.4130242896355,-20.608112774696053,-5.864356569126702
precip,2015,Colombia,255.7086870790228,285.0967699518188,-29.38808287279602,-10.30810797251845
precip,2016,Caribe,103.96382673696311,129.95745851211072,-25.993631775147605,-20.0016467486745
precip,2016,Andina,221.21116980503905,237.5929883984579,-16.381818593418842,-6.894908264694047
precip,2016,Pacifica,306.014233715598,362.8999258353785,-56.885692119780515,-15.67531103480728
precip,2016,Orinoquia,323.3858891139972,264.8325144547327,58.553374659264534,22.109586800480628
precip,2016,Amazonia,369.1868228340712,351.4130242896355,17.77379854443575,5.05780870824712
precip,2016,Colombia,291.8131510902577,285.0967699518188,6.716381138438862,2.355825055322067
precip,2017,Caribe,109.25643945593961,129.95745851211072,-20.701019056171106,-15.92907347771962
precip,2017,Andina,206.7857116255798,237.5929883984579,-30.807276772878083,-12.966408217911047
precip,2017,Pacifica,332.43844149898985,362.8999258353785,-30.46148433638865,-8.393907567290832
precip,2017,Orinoquia,229.85954151461215,264.8325144547327,-34.97297294012054,-13.205694554585518
precip,2017,Amazonia,309.5413937279108,351.4130242896355,-41.87163056172466,-11.915218750462122
precip,2017,Colombia,250.70386934851788,285.0967699518188,-34.392900603300944,-12.06358830691534
precip,2018,Caribe,138.07236935872362,129.95745851211072,8.1149108466129,6.244282505614461
precip,2018,Andina,262.80577396005464,237.5929883984579,25.212785561596746,10.6117548887063
precip,2018,Pacifica,278.2850647699811,362.8999258353785,-84.6148610653974,-23.316307070225488
precip,2018,Orinoquia,293.95246492924036,264.8325144547327,29.119950474507675,10.995610012034641
precip,2018,Amazonia,333.4225797816402,351.4130242896355,-17.990444507995278,-5.119458661033437
precip,2018,Colombia,281.6381851139134,285.0967699518188,-3.4585848379054482,-1.213126630122799
precip,2019,Caribe,94.75915124557581,129.95745851211072,-35.19830726653491,-27.0844841608339
precip,2019,Andina,233.61509733294815,237.5929883984579,-3.9778910655097377,-1.6742459835719445
precip,2019,Pacifica,347.00058368690725,362.8999258353785,-15.899342148471248,-4.381191897978957
precip,2019,Orinoquia,226.06961439564998,264.8325144547327,-38.76290005908271,-14.636760194982923
precip,2019,Amazonia,313.90672417549666,351.4130242896355,-37.50630011413881,-10.67299659423722
precip,2019,Colombia,256.5431204937865,285.0967699518188,-28.55364945803234,-10.015423697314386
precip,2020,Caribe,87.37853358541301,129.95745851211072,-42.57892492669771,-32.76374085349614
precip,2020,Andina,175.04262862190527,237.5929883984579,-62.550359776552625,-26.32668590019663
precip,2020,Pacifica,311.9555699645387,362.8999258353785,-50.944355870839786,-14.038127936666916
precip,2020,Orinoquia,206.42987049955482,264.8325144547327,-58.402643955177865,-22.052671317728443
precip,2020,Amazonia,264.19215293940096,351.4130242896355,-87.22087135023452,-24.82004516666601
precip,2020,Colombia,218.49402893548,285.0967699518188,-66.60274101633883,-23.361450579603073
precip,2021,Caribe,172.88193851934875,129.95745851211072,42.92448000723803,33.029639467162944
precip,2021,Andina,256.0156805226802,237.5929883984579,18.422692124222323,7.753887119482814
precip,2021,Pacifica,393.2913031094232,362.8999258353785,30.391377274044714,8.374589001109658
precip,2021,Orinoquia,248.02760264752203,264.8325144547327,-16.804911807210658,-6.345486633999803
precip,2021,Amazonia,361.13222162292084,351.4130242896355,9.719197333285365,2.765747613632777
precip,2021,Colombia,296.7856867273174,285.0967699518188,11.68891677549857,4.099982184110325
precip,2022,Caribe,215.39312974881466,129.95745851211072,85.43567123670394,65.74126042080317
precip,2022,Andina,294.2147102992193,237.5929883984579,56.6217219007614,23.831394302681748
precip,2022,Pacifica,437.34056084647,362.8999258353785,74.4406350110915,20.51271706372843
precip,2022,Orinoquia,261.5453867236321,264.8325144547327,-3.287127731100611,-1.2412100296175959
precip,2022,Amazonia,344.98546961568593,351.4130242896355,-6.427554673949544,-1.8290598895537629
precip,2022,Colombia,311.5694922344208,285.0967699518188,26.47272228260198,9.28552164483514
precip,2023,Caribe,107.31188028446873,129.95745851211072,-22.64557822764199,-17.425377878970796
precip,2023,Andina,221.98791742953654,237.5929883984579,-15.605070968921353,-6.56798463376819
precip,2023,Pacifica,330.37961100779177,362.8999258353785,-32.52031482758673,-8.961234905939014
precip,2023,Orinoquia,216.65342367561396,264.8325144547327,-48.179090779118724,-18.1922868792434
precip,2023,Amazonia,333.424266519252,351.4130242896355,-17.988757770383472,-5.118978673811786
precip,2023,Colombia,258.59859859173656,285.0967699518188,-26.498171360082267,-9.294448114778866
precip,2024,Caribe,127.38640023343618,129.95745851211072,-2.571058278674542,-1.978384548382766
precip,2024,Andina,233.77280331079544,237.5929883984579,-3.820185087662452,-1.6078694549924044
precip,2024,Pacifica,376.1634304213736,362.8999258353785,13.263504585995122,3.654865609427492
precip,2024,Orinoquia,241.69581966570703,264.8325144547327,-23.136694789025654,-8.736349778146431
precip,2024,Amazonia,273.0629916527137,351.4130242896355,-78.35003263692175,-22.295711092468064
precip,2024,Colombia,252.90692926787082,285.0967699518188,-32.189840683948006,-11.290847205805967
precip,2025,Caribe,162.54913351674605,129.95745851211072,32.591675004635334,25.078726052185857
precip,2025,Andina,295.1780694506305,237.5929883984579,57.585081052172626,24.23686045633592
precip,2025,Pacifica,391.995107401921,362.8999258353785,29.09518156654252,8.017411824917513
precip,2025,Orinoquia,332.6636678474982,264.8325144547327,67.83115339276549,25.61284951450315
precip,2025,Amazonia,370.26790626303887,351.4130242896355,18.854881973403394,5.36544768410836
precip,2025,Colombia,325.2640937945996,285.0967699518188,40.167323842780775,14.089014003760559
precip,2026,Caribe,104.18862841802408,129.95745851211072,-25.76883009408664,-19.82866577194971
precip,2026,Andina,211.13022407187663,237.5929883984579,-26.462764326581265,-11.137855752797552
precip,2026,Pacifica,277.4852317209629,362.8999258353785,-85.41469411441562,-23.536707514556536
precip,2026,Orinoquia,312.1181174954662,264.8325144547327,47.28560304073352,17.854908464729302
precip,2026,Amazonia,316.4754953254213,351.4130242896355,-34.93752896421415,-9.94201311543267
precip,2026,Colombia,265.65909532003917,285.0967699518188,-19.437674631779657,-6.817921730598566
