variable,year,region,value,clim,anomaly
tmean,1991,Caribe,26.344548525322537,26.52694804895896,-0.1823995236364233
tmean,1991,Andina,19.424989702082826,19.713509673021505,-0.28851997093867965
tmean,1991,Pacifica,21.419336351862903,21.476950913968096,-0.057614562105193556
tmean,1991,Orinoquia,25.563518536501437,26.296113187300026,-0.732594650798589
tmean,1991,Amazonia,25.148977542420678,25.033584825984235,0.11539271643644256
tmean,1991,Colombia,23.848987672369233,24.05807393986415,-0.20908626749491788
tmean,1992,Caribe,26.947121041567073,26.52694804895896,0.42017299260811214
tmean,1992,Andina,20.23678232592534,19.713509673021505,0.5232726529038345
tmean,1992,Pacifica,21.917405509645622,21.476950913968096,0.4404545956775259
tmean,1992,Orinoquia,26.461056103589264,26.296113187300026,0.16494291628923818
tmean,1992,Amazonia,25.247959688489804,25.033584825984235,0.2143748625055686
tmean,1992,Colombia,24.369626966470296,24.05807393986415,0.3115530266061448
tmean,1993,Caribe,25.800994690419945,26.52694804895896,-0.7259533585390159
tmean,1993,Andina,18.99085856439535,19.713509673021505,-0.722651108626156
tmean,1993,Pacifica,21.072611424247256,21.476950913968096,-0.4043394897208401
tmean,1993,Orinoquia,24.6689993354702,26.296113187300026,-1.6271138518298258
tmean,1993,Amazonia,23.995208635384586,25.033584825984235,-1.0383761905996494
tmean,1993,Colombia,23.05215276542551,24.05807393986415,-1.0059211744386403
tmean,1994,Caribe,25.410293711083977,26.52694804895896,-1.1166543378749836
tmean,1994,Andina,18.875147418490805,19.713509673021505,-0.8383622545307006
tmean,1994,Pacifica,20.84707344973029,21.476950913968096,-0.6298774642378078
tmean,1994,Orinoquia,25.210251853201218,26.296113187300026,-1.0858613340988086
tmean,1994,Amazonia,24.49463014110937,25.033584825984235,-0.5389546848748665
tmean,1994,Colombia,23.260987778965227,24.05807393986415,-0.7970861608989246
tmean,1995,Caribe,26.575493552675894,26.52694804895896,0.04854550371693378
tmean,1995,Andina,19.593837546475537,19.713509673021505,-0.11967212654596793
tmean,1995,Pacifica,21.51771232114734,21.476950913968096,0.04076140717924304
tmean,1995,Orinoquia,26.053421564232004,26.296113187300026,-0.24269162306802272
tmean,1995,Amazonia,25.054822959163168,25.033584825984235,0.021238133178933083
tmean,1995,Colombia,23.996895714569803,24.05807393986415,-0.061178225294348465
tmean,1996,Caribe,25.511472572606163,26.52694804895896,-1.0154754763527976
tmean,1996,Andina,19.015842739944564,19.713509673021505,-0.6976669330769418
tmean,1996,Pacifica,20.969594400108942,21.476950913968096,-0.507356513859154
tmean,1996,Orinoquia,26.645353441896454,26.296113187300026,0.3492402545964275
tmean,1996,Amazonia,25.08739627141614,25.033584825984235,0.0538114454319043
tmean,1996,Colombia,23.849969451458957,24.05807393986415,-0.20810448840519413
tmean,1997,Caribe,26.52295562585172,26.52694804895896,-0.003992423107241905
tmean,1997,Andina,19.64095944223583,19.713509673021505,-0.07255023078567646
tmean,1997,Pacifica,21.761639618331376,21.476950913968096,0.28468870436327975
tmean,1997,Orinoquia,26.19851210375792,26.296113187300026,-0.09760108354210573
tmean,1997,Amazonia,25.323341670906974,25.033584825984235,0.28975684492273857
tmean,1997,Colombia,24.15508135488574,24.05807393986415,0.09700741502159005
tmean,1998,Caribe,27.466874679031026,26.52694804895896,0.9399266300720654
tmean,1998,Andina,20.93288969563356,19.713509673021505,1.2193800226120537
tmean,1998,Pacifica,22.66558134873354,21.476950913968096,1.188630434765443
tmean,1998,Orinoquia,26.885561741748255,26.296113187300026,0.5894485544482286
tmean,1998,Amazonia,25.779780933414354,25.033584825984235,0.7461961074301193
tmean,1998,Colombia,24.931511992440107,24.05807393986415,0.8734380525759562
tmean,1999,Caribe,25.387647521763,26.52694804895896,-1.1393005271959602
tmean,1999,Andina,18.733498007388814,19.713509673021505,-0.9800116656326914
tmean,1999,Pacifica,20.742364396122067,21.476950913968096,-0.7345865178460294
tmean,1999,Orinoquia,25.374844213678063,26.296113187300026,-0.921268973621963
tmean,1999,Amazonia,24.816216998139545,25.033584825984235,-0.21736782784469
tmean,1999,Colombia,23.370720863960265,24.05807393986415,-0.6873530759038857
tmean,2000,Caribe,25.527572070472974,26.52694804895896,-0.9993759784859861
tmean,2000,Andina,18.70866321897514,19.713509673021505,-1.0048464540463655
tmean,2000,Pacifica,20.64000992573243,21.476950913968096,-0.8369409882356678
tmean,2000,Orinoquia,26.54497232950168,26.296113187300026,0.24885914220165262
tmean,2000,Amazonia,24.61850357142868,25.033584825984235,-0.415081254555556
tmean,2000,Colombia,23.5664939253035,24.05807393986415,-0.49158001456065037
tmean,2001,Caribe,25.525789717157515,26.52694804895896,-1.0011583318014452
tmean,2001,Andina,19.17528816013315,19.713509673021505,-0.5382215128883558
tmean,2001,Pacifica,21.031459843481972,21.476950913968096,-0.44549107048612413
tmean,2001,Orinoquia,26.023316034265832,26.296113187300026,-0.27279715303419394
tmean,2001,Amazonia,24.699226658366744,25.033584825984235,-0.3343581676174914
tmean,2001,Colombia,23.610442146544266,24.05807393986415,-0.4476317933198857
tmean,2002,Caribe,26.92268517775235,26.52694804895896,0.39573712879338885
tmean,2002,Andina,20.03581761341536,19.713509673021505,0.3223079403938556
tmean,2002,Pacifica,21.739078206926415,21.476950913968096,0.2621272929583185
tmean,2002,Orinoquia,26.024831930938657,26.296113187300026,-0.27128125636136957
tmean,2002,Amazonia,24.83497659857969,25.033584825984235,-0.1986082274045451
tmean,2002,Colombia,24.062356635689262,24.05807393986415,0.004282695825111205
tmean,2003,Caribe,27.18090464940772,26.52694804895896,0.6539566004487583
tmean,2003,Andina,20.193045607969893,19.713509673021505,0.4795359349483874
tmean,2003,Pacifica,21.77134649263152,21.476950913968096,0.2943955786634227
tmean,2003,Orinoquia,26.584778067731232,26.296113187300026,0.288664880431206
tmean,2003,Amazonia,24.861958795232777,25.033584825984235,-0.1716260307514581
tmean,2003,Colombia,24.262717234894538,24.05807393986415,0.2046432950303867
tmean,2004,Caribe,27.623106914321202,26.52694804895896,1.0961588653622414
tmean,2004,Andina,20.420674022478437,19.713509673021505,0.7071643494569315
tmean,2004,Pacifica,21.816450622933985,21.476950913968096,0.33949970896588866
tmean,2004,Orinoquia,26.217357749562222,26.296113187300026,-0.07875543773780436
tmean,2004,Amazonia,24.929911499994844,25.033584825984235,-0.10367332598939072
tmean,2004,Colombia,24.30262476055123,24.05807393986415,0.24455082068707767
tmean,2005,Caribe,27.14316969618306,26.52694804895896,0.6162216472241013
tmean,2005,Andina,20.26532185918679,19.713509673021505,0.5518121861652858
tmean,2005,Pacifica,21.29724841110544,21.476950913968096,-0.1797025028626571
tmean,2005,Orinoquia,27.07392798851306,26.296113187300026,0.777814801213033
tmean,2005,Amazonia,25.457968590293962,25.033584825984235,0.42438376430972724
tmean,2005,Colombia,24.543397495766378,24.05807393986415,0.48532355590222664
tmean,2006,Caribe,26.093394762772014,26.52694804895896,-0.433553286186946
tmean,2006,Andina,19.113564046003333,19.713509673021505,-0.5999456270181724
tmean,2006,Pacifica,21.085091321877588,21.476950913968096,-0.39185959209050836
tmean,2006,Orinoquia,25.70841151953486,26.296113187300026,-0.5877016677651667
tmean,2006,Amazonia,24.814850850795015,25.033584825984235,-0.21873397518922033
tmean,2006,Colombia,23.637597265567468,24.05807393986415,-0.42047667429668323
tmean,2007,Caribe,26.601529655548756,26.52694804895896,0.07458160658979551
tmean,2007,Andina,19.77741488994077,19.713509673021505,0.0639052169192631
tmean,2007,Pacifica,21.18661412959625,21.476950913968096,-0.2903367843718456
tmean,2007,Orinoquia,26.742632788850514,26.296113187300026,0.446519601550488
tmean,2007,Amazonia,25.074759686301668,25.033584825984235,0.041174860317433115
tmean,2007,Colombia,24.163417173967005,24.05807393986415,0.10534323410285396
tmean,2008,Caribe,25.81442663313665,26.52694804895896,-0.7125214158223088
tmean,2008,Andina,18.818696327882876,19.713509673021505,-0.8948133451386298
tmean,2008,Pacifica,20.740775533923514,21.476950913968096,-0.7361753800445818
tmean,2008,Orinoquia,26.642610763466227,26.296113187300026,0.34649757616620036
tmean,2008,Amazonia,24.794729764106712,25.033584825984235,-0.2388550618775227
tmean,2008,Colombia,23.716095697480196,24.05807393986415,-0.3419782423839557
tmean,2009,Caribe,25.5781262710759,26.52694804895896,-0.9488217778830617
tmean,2009,Andina,18.951907813465745,19.713509673021505,-0.7616018595557605
tmean,2009,Pacifica,21.05093662753248,21.476950913968096,-0.4260142864356169
tmean,2009,Orinoquia,25.823594481077247,26.296113187300026,-0.4725187062227789
tmean,2009,Amazonia,24.723935602386522,25.033584825984235,-0.3096492235977131
tmean,2009,Colombia,23.53806809489954,24.05807393986415,-0.5200058449646114
tmean,2010,Caribe,26.64353201767588,26.52694804895896,0.11658396871692034
tmean,2010,Andina,20.741826862682156,19.713509673021505,1.028317189660651
tmean,2010,Pacifica,22.10422922536629,21.476950913968096,0.627278311398193
tmean,2010,Orinoquia,26.685845879445292,26.296113187300026,0.38973269214526596
tmean,2010,Amazonia,26.027535307104586,25.033584825984235,0.9939504811203506
tmean,2010,Colombia,24.78230611304949,24.05807393986415,0.7242321731853387
tmean,2011,Caribe,24.95438820874652,26.52694804895896,-1.5725598402124419
tmean,2011,Andina,18.50864219503387,19.713509673021505,-1.2048674779876336
tmean,2011,Pacifica,20.794107799908424,21.476950913968096,-0.682843114059672
tmean,2011,Orinoquia,25.48156741882203,26.296113187300026,-0.8145457684779949
tmean,2011,Amazonia,24.8673401770345,25.033584825984235,-0.16624464894973556
tmean,2011,Colombia,23.325889491266924,24.05807393986415,-0.7321844485972271
tmean,2012,Caribe,26.538025906616618,26.52694804895896,0.01107785765765712
tmean,2012,Andina,19.294899870348047,19.713509673021505,-0.4186098026734584
tmean,2012,Pacifica,21.444425677824118,21.476950913968096,-0.03252523614397873
tmean,2012,Orinoquia,24.987322389901276,26.296113187300026,-1.3087907973987498
tmean,2012,Amazonia,24.03762798244096,25.033584825984235,-0.9959568435432757
tmean,2012,Colombia,23.322910858969088,24.05807393986415,-0.7351630808950631
tmean,2013,Caribe,26.07160409172859,26.52694804895896,-0.4553439572303688
tmean,2013,Andina,19.83983256676823,19.713509673021505,0.12632289374672467
tmean,2013,Pacifica,21.515509574429043,21.476950913968096,0.03855866046094647
tmean,2013,Orinoquia,25.977181120359642,26.296113187300026,-0.3189320669403841
tmean,2013,Amazonia,25.025812300255854,25.033584825984235,-0.007772525728380941
tmean,2013,Colombia,23.96038769239735,24.05807393986415,-0.09768624746680032
tmean,2014,Caribe,26.583144687477134,26.52694804895896,0.05619663851817336
tmean,2014,Andina,19.691264340812236,19.713509673021505,-0.02224533220926972
tmean,2014,Pacifica,21.297164068591666,21.476950913968096,-0.1797868453764302
tmean,2014,Orinoquia,26.64421179041645,26.296113187300026,0.3480986031164228
tmean,2014,Amazonia,24.92290667945712,25.033584825984235,-0.11067814652711405
tmean,2014,Colombia,24.080331222425855,24.05807393986415,0.022257282561703562
tmean,2015,Caribe,26.99488518594334,26.52694804895896,0.46793713698437855
tmean,2015,Andina,19.807364040530384,19.713509673021505,0.09385436750887877
tmean,2015,Pacifica,21.5300773185808,21.476950913968096,0.0531264046127049
tmean,2015,Orinoquia,26.699076203881557,26.296113187300026,0.40296301658153055
tmean,2015,Amazonia,24.822279091748513,25.033584825984235,-0.2113057342357223
tmean,2015,Colombia,24.151757612439,24.05807393986415,0.09368367257484778
tmean,2016,Caribe,28.586049330296692,26.52694804895896,2.059101281337732
tmean,2016,Andina,21.395110708897864,19.713509673021505,1.6816010358763585
tmean,2016,Pacifica,22.533919250434305,21.476950913968096,1.056968336466209
tmean,2016,Orinoquia,27.776979437158047,26.296113187300026,1.4808662498580212
tmean,2016,Amazonia,25.865396729335156,25.033584825984235,0.8318119033509213
tmean,2016,Colombia,25.36698726165357,24.05807393986415,1.3089133217894187
tmean,2017,Caribe,26.591181525783814,26.52694804895896,0.06423347682485314
tmean,2017,Andina,19.483052398766805,19.713509673021505,-0.2304572742547002
tmean,2017,Pacifica,21.598928505802863,21.476950913968096,0.1219775918347672
tmean,2017,Orinoquia,25.692487461248813,26.296113187300026,-0.603625726051213
tmean,2017,Amazonia,24.900292538423187,25.033584825984235,-0.13329228756104783
tmean,2017,Colombia,23.848942225618394,24.05807393986415,-0.20913171424575694
tmean,2018,Caribe,27.294098866889193,26.52694804895896,0.7671508179302329
tmean,2018,Andina,20.2767683232459,19.713509673021505,0.5632586502243946
tmean,2018,Pacifica,21.71138321093117,21.476950913968096,0.23443229696307455
tmean,2018,Orinoquia,27.047546265350853,26.296113187300026,0.7514330780508267
tmean,2018,Amazonia,25.42114011475065,25.033584825984235,0.3875552887664142
tmean,2018,Colombia,24.5888832154584,24.05807393986415,0.5308092755942475
tmean,2019,Caribe,27.442954012687238,26.52694804895896,0.9160059637282778
tmean,2019,Andina,20.4429902763216,19.713509673021505,0.7294806033000931
tmean,2019,Pacifica,22.216723033429354,21.476950913968096,0.7397721194612572
tmean,2019,Orinoquia,27.13087668281075,26.296113187300026,0.8347634955107246
tmean,2019,Amazonia,25.168792780470802,25.033584825984235,0.13520795448656742
tmean,2019,Colombia,24.622937908825214,24.05807393986415,0.5648639689610633
tmean,2020,Caribe,28.130470166774376,26.52694804895896,1.603522117815416
tmean,2020,Andina,21.018339605213896,19.713509673021505,1.3048299321923906
tmean,2020,Pacifica,22.28972981807392,21.476950913968096,0.8127789041058229
tmean,2020,Orinoquia,28.312348422089734,26.296113187300026,2.0162352347897077
tmean,2020,Amazonia,26.18926462057454,25.033584825984235,1.1556797945903057
tmean,2020,Colombia,25.45173960261281,24.05807393986415,1.3936656627486599
tmean,2021,Caribe,27.0291288925919,26.52694804895896,0.5021808436329387
tmean,2021,Andina,19.40790957053646,19.713509673021505,-0.30560010248504454
tmean,2021,Pacifica,21.288754405426317,21.476950913968096,-0.18819650854177894
tmean,2021,Orinoquia,25.996862924268058,26.296113187300026,-0.29925026303196844
tmean,2021,Amazonia,24.617324782124538,25.033584825984235,-0.4162600438596975
tmean,2021,Colombia,23.818598786428932,24.05807393986415,-0.23947515343521886
tmean,2022,Caribe,26.336833514814636,26.52694804895896,-0.19011453414432467
tmean,2022,Andina,19.286858659161343,19.713509673021505,-0.42665101386016246
tmean,2022,Pacifica,21.179390927595637,21.476950913968096,-0.29755998637245895
tmean,2022,Orinoquia,26.130148787091887,26.296113187300026,-0.1659644002081393
tmean,2022,Amazonia,24.705436114063467,25.033584825984235,-0.3281487119207682
tmean,2022,Colombia,23.766420067828545,24.05807393986415,-0.29165387203560655
tmean,2023,Caribe,26.47907112364184,26.52694804895896,-0.0478769253171194
tmean,2023,Andina,19.243145132950065,19.713509673021505,-0.47036454007144
tmean,2023,Pacifica,21.28647362709925,21.476950913968096,-0.1904772868688447
tmean,2023,Orinoquia,26.40770876428365,26.296113187300026,0.11159557698362477
tmean,2023,Amazonia,25.278678666112842,25.033584825984235,0.24509384012860735
tmean,2023,Colombia,24.051995137870485,24.05807393986415,-0.006078801993666616
tmean,2024,Caribe,28.464939735221623,26.52694804895896,1.937991686262663
tmean,2024,Andina,21.53865934161237,19.713509673021505,1.8251496685908641
tmean,2024,Pacifica,22.725171447447845,21.476950913968096,1.2482205334797492
tmean,2024,Orinoquia,28.435846531859124,26.296113187300026,2.1397333445590974
tmean,2024,Amazonia,26.57150873328021,25.033584825984235,1.5379239072959763
tmean,2024,Colombia,25.802570472809393,24.05807393986415,1.7444965329452415
tmean,2025,Caribe,26.85921542809745,26.52694804895896,0.33226737913848936
tmean,2025,Andina,19.625484834169015,19.713509673021505,-0.08802483885249046
tmean,2025,Pacifica,21.604365797485773,21.476950913968096,0.1274148835176767
tmean,2025,Orinoquia,26.740056126868126,26.296113187300026,0.4439429395680996
tmean,2025,Amazonia,25.286574782324372,25.033584825984235,0.2529899563401372
tmean,2025,Colombia,24.28290563868086,24.05807393986415,0.22483169881670761
tmean,2026,Caribe,26.04962805331684,26.52694804895896,-0.47731999564211947
tmean,2026,Andina,19.531388339600753,19.713509673021505,-0.18212133342075276
tmean,2026,Pacifica,22.07787829268369,21.476950913968096,0.6009273787155927
tmean,2026,Orinoquia,27.749298216079477,26.296113187300026,1.4531850287794512
tmean,2026,Amazonia,26.235144866160596,25.033584825984235,1.2015600401763606
tmean,2026,Colombia,24.790878748204783,24.05807393986415,0.7328048083406316
tmax_mean,1991,Caribe,30.965908932400843,31.17120337851442,-0.2052944461135766
tmax_mean,1991,Andina,23.615478266908152,24.1532379563675,-0.5377596894593495
tmax_mean,1991,Pacifica,24.785421828817714,24.951161462046255,-0.16573963322854013
tmax_mean,1991,Orinoquia,29.748194775574685,30.7059995743421,-0.9578047987674161
tmax_mean,1991,Amazonia,29.261557502171833,29.235361397029138,0.026196105142695103
tmax_mean,1991,Colombia,27.969003915048525,28.324168714931773,-0.3551647998832479
tmax_mean,1992,Caribe,31.699209869248428,31.17120337851442,0.5280064907340076
tmax_mean,1992,Andina,24.738230031978173,24.1532379563675,0.5849920756106712
tmax_mean,1992,Pacifica,25.425290539613126,24.951161462046255,0.4741290775668716
tmax_mean,1992,Orinoquia,30.954504829450844,30.7059995743421,0.24850525510874277
tmax_mean,1992,Amazonia,29.315268383388208,29.235361397029138,0.07990698635907023
tmax_mean,1992,Colombia,28.63497361698794,28.324168714931773,0.31080490205616584
tmax_mean,1993,Caribe,30.186589654640393,31.17120337851442,-0.9846137238740269
tmax_mean,1993,Andina,23.2789289054605,24.1532379563675,-0.8743090509070015
tmax_mean,1993,Pacifica,24.646958984264078,24.951161462046255,-0.3042024777821766
tmax_mean,1993,Orinoquia,28.738131865911537,30.7059995743421,-1.967867708430564
tmax_mean,1993,Amazonia,27.809742554824613,29.235361397029138,-1.4256188422045248
tmax_mean,1993,Colombia,27.055489914661656,28.324168714931773,-1.2686788002701164
tmax_mean,1994,Caribe,29.58248404407109,31.17120337851442,-1.5887193344433292
tmax_mean,1994,Andina,22.942047082662683,24.1532379563675,-1.211190873704819
tmax_mean,1994,Pacifica,24.067841834084124,24.951161462046255,-0.8833196279621305
tmax_mean,1994,Orinoquia,29.335199836810773,30.7059995743421,-1.3707997375313283
tmax_mean,1994,Amazonia,28.462719864831968,29.235361397029138,-0.77264153219717
tmax_mean,1994,Colombia,27.225443001253208,28.324168714931773,-1.098725713678565
tmax_mean,1995,Caribe,31.278290778594503,31.17120337851442,0.10708740008008277
tmax_mean,1995,Andina,23.95499523431977,24.1532379563675,-0.19824272204773052
tmax_mean,1995,Pacifica,25.12290944079317,24.951161462046255,0.1717479787469145
tmax_mean,1995,Orinoquia,30.448917814687842,30.7059995743421,-0.25708175965425895
tmax_mean,1995,Amazonia,29.277375197729533,29.235361397029138,0.04201380070039562
tmax_mean,1995,Colombia,28.272607873189077,28.324168714931773,-0.051560841742695374
tmax_mean,1996,Caribe,29.631871393938333,31.17120337851442,-1.539331984576087
tmax_mean,1996,Andina,23.11741419539335,24.1532379563675,-1.03582376097415
tmax_mean,1996,Pacifica,24.25088933935469,24.951161462046255,-0.7002721226915654
tmax_mean,1996,Orinoquia,31.207964799331577,30.7059995743421,0.5019652249894762
tmax_mean,1996,Amazonia,29.327900319294304,29.235361397029138,0.09253892226516669
tmax_mean,1996,Colombia,28.018136646533133,28.324168714931773,-0.3060320683986397
tmax_mean,1997,Caribe,31.463832997806335,31.17120337851442,0.29262961929191533
tmax_mean,1997,Andina,24.160635794625094,24.1532379563675,0.007397838257592326
tmax_mean,1997,Pacifica,25.42237673201603,24.951161462046255,0.47121526996977536
tmax_mean,1997,Orinoquia,30.87043023685227,30.7059995743421,0.16443066251016702
tmax_mean,1997,Amazonia,29.694857992267764,29.235361397029138,0.45949659523862607
tmax_mean,1997,Colombia,28.61047071543644,28.324168714931773,0.2863020005046657
tmax_mean,1998,Caribe,32.245389252409794,31.17120337851442,1.0741858738953738
tmax_mean,1998,Andina,25.344144057577846,24.1532379563675,1.190906101210345
tmax_mean,1998,Pacifica,26.24953034168712,24.951161462046255,1.298368879640865
tmax_mean,1998,Orinoquia,31.1840338438478,30.7059995743421,0.4780342695056987
tmax_mean,1998,Amazonia,29.97038198999086,29.235361397029138,0.7350205929617211
tmax_mean,1998,Colombia,29.18985533907719,28.324168714931773,0.8656866241454182
tmax_mean,1999,Caribe,29.600647698853784,31.17120337851442,-1.570555679660636
tmax_mean,1999,Andina,23.00314833828556,24.1532379563675,-1.1500896180819424
tmax_mean,1999,Pacifica,24.209597359412083,24.951161462046255,-0.7415641026341717
tmax_mean,1999,Orinoquia,29.76548418192498,30.7059995743421,-0.9405153924171223
tmax_mean,1999,Amazonia,29.21435727687898,29.235361397029138,-0.02100412015015607
tmax_mean,1999,Colombia,27.619365608111526,28.324168714931773,-0.7048031068202469
tmax_mean,2000,Caribe,30.066074741317223,31.17120337851442,-1.105128637197197
tmax_mean,2000,Andina,23.09176608269696,24.1532379563675,-1.0614718736705413
tmax_mean,2000,Pacifica,24.11404834515884,24.951161462046255,-0.8371131168874157
tmax_mean,2000,Orinoquia,31.213357760069865,30.7059995743421,0.5073581857277638
tmax_mean,2000,Amazonia,28.89852964712852,29.235361397029138,-0.33683174990061815
tmax_mean,2000,Colombia,27.896106687839836,28.324168714931773,-0.4280620270919364
tmax_mean,2001,Caribe,29.92519242107633,31.17120337851442,-1.2460109574380915
tmax_mean,2001,Andina,23.750168495749033,24.1532379563675,-0.40306946061846816
tmax_mean,2001,Pacifica,24.603470273819493,24.951161462046255,-0.3476911882267615
tmax_mean,2001,Orinoquia,30.747019319820264,30.7059995743421,0.04101974547816312
tmax_mean,2001,Amazonia,29.012763927353326,29.235361397029138,-0.2225974696758115
tmax_mean,2001,Colombia,27.99709712934288,28.324168714931773,-0.32707158558889304
tmax_mean,2002,Caribe,31.982982003286626,31.17120337851442,0.8117786247722059
tmax_mean,2002,Andina,24.813699725893287,24.1532379563675,0.6604617695257851
tmax_mean,2002,Pacifica,25.381671708027067,24.951161462046255,0.43051024598081256
tmax_mean,2002,Orinoquia,30.41207783769318,30.7059995743421,-0.2939217366489224
tmax_mean,2002,Amazonia,29.051626160588093,29.235361397029138,-0.18373523644104495
tmax_mean,2002,Colombia,28.46013809972402,28.324168714931773,0.13596938479224718
tmax_mean,2003,Caribe,32.3533425476282,31.17120337851442,1.182139169113782
tmax_mean,2003,Andina,24.959599807006054,24.1532379563675,0.8063618506385524
tmax_mean,2003,Pacifica,25.48028094740681,24.951161462046255,0.5291194853605568
tmax_mean,2003,Orinoquia,31.128183757017993,30.7059995743421,0.42218418267589186
tmax_mean,2003,Amazonia,29.114238239698167,29.235361397029138,-0.12112315733097034
tmax_mean,2003,Colombia,28.726320777798144,28.324168714931773,0.40215206286637084
tmax_mean,2004,Caribe,32.80034911227105,31.17120337851442,1.62914573375663
tmax_mean,2004,Andina,25.193696534771092,24.1532379563675,1.040458578403591
tmax_mean,2004,Pacifica,25.39341067948115,24.951161462046255,0.4422492174348953
tmax_mean,2004,Orinoquia,30.5857966105288,30.7059995743421,-0.12020296381330198
tmax_mean,2004,Amazonia,29.105339080176908,29.235361397029138,-0.1300223168522301
tmax_mean,2004,Colombia,28.686564491743628,28.324168714931773,0.3623957768118551
tmax_mean,2005,Caribe,31.805291013890702,31.17120337851442,0.6340876353762823
tmax_mean,2005,Andina,25.022452409552308,24.1532379563675,0.8692144531848065
tmax_mean,2005,Pacifica,24.607808754729927,24.951161462046255,-0.3433527073163276
tmax_mean,2005,Orinoquia,31.911742677663376,30.7059995743421,1.205743103321275
tmax_mean,2005,Amazonia,29.843115541347494,29.235361397029138,0.6077541443183563
tmax_mean,2005,Colombia,29.018144455668043,28.324168714931773,0.6939757407362706
tmax_mean,2006,Caribe,30.45185766535654,31.17120337851442,-0.7193457131578818
tmax_mean,2006,Andina,23.230982245934946,24.1532379563675,-0.9222557104325553
tmax_mean,2006,Pacifica,24.386897350645274,24.951161462046255,-0.5642641114009805
tmax_mean,2006,Orinoquia,29.934938200507318,30.7059995743421,-0.7710613738347831
tmax_mean,2006,Amazonia,29.078397811387806,29.235361397029138,-0.15696358564133206
tmax_mean,2006,Colombia,27.7696839805882,28.324168714931773,-0.5544847343435713
tmax_mean,2007,Caribe,31.31845221800546,31.17120337851442,0.1472488394910414
tmax_mean,2007,Andina,24.26658642119298,24.1532379563675,0.11334846482547789
tmax_mean,2007,Pacifica,24.45164415931434,24.951161462046255,-0.4995173027319133
tmax_mean,2007,Orinoquia,31.314179589814863,30.7059995743421,0.6081800154727617
tmax_mean,2007,Amazonia,29.290787317509807,29.235361397029138,0.05542592048066908
tmax_mean,2007,Colombia,28.466351756178476,28.324168714931773,0.1421830412467031
tmax_mean,2008,Caribe,30.352172124078656,31.17120337851442,-0.8190312544357639
tmax_mean,2008,Andina,23.23082939277718,24.1532379563675,-0.9224085635903201
tmax_mean,2008,Pacifica,24.354428907859027,24.951161462046255,-0.596732554187227
tmax_mean,2008,Orinoquia,31.323844268478528,30.7059995743421,0.6178446941364264
tmax_mean,2008,Amazonia,29.301424851865214,29.235361397029138,0.06606345483607612
tmax_mean,2008,Colombia,28.149855319045738,28.324168714931773,-0.17431339588603478
tmax_mean,2009,Caribe,29.906085631664084,31.17120337851442,-1.2651177468503363
tmax_mean,2009,Andina,23.10329710421032,24.1532379563675,-1.0499408521571816
tmax_mean,2009,Pacifica,24.344917061722363,24.951161462046255,-0.6062444003238916
tmax_mean,2009,Orinoquia,30.037237122579665,30.7059995743421,-0.6687624517624364
tmax_mean,2009,Amazonia,28.86500220557408,29.235361397029138,-0.3703591914550586
tmax_mean,2009,Colombia,27.626156318340268,28.324168714931773,-0.6980123965915048
tmax_mean,2010,Caribe,30.603758344336434,31.17120337851442,-0.567445034177986
tmax_mean,2010,Andina,25.350643940230828,24.1532379563675,1.1974059838633266
tmax_mean,2010,Pacifica,25.46271815028763,24.951161462046255,0.5115566882413738
tmax_mean,2010,Orinoquia,31.072227792390056,30.7059995743421,0.36622821804795436
tmax_mean,2010,Amazonia,30.412801454800363,29.235361397029138,1.177440057771225
tmax_mean,2010,Colombia,29.051454481827818,28.324168714931773,0.7272857668960455
tmax_mean,2011,Caribe,28.99667067136669,31.17120337851442,-2.17453270714773
tmax_mean,2011,Andina,22.53515659196166,24.1532379563675,-1.6180813644058425
tmax_mean,2011,Pacifica,24.23624686009025,24.951161462046255,-0.7149146019560035
tmax_mean,2011,Orinoquia,29.673268933277267,30.7059995743421,-1.032730641064834
tmax_mean,2011,Amazonia,29.022349408182297,29.235361397029138,-0.2130119888468407
tmax_mean,2011,Colombia,27.373461191922754,28.324168714931773,-0.9507075230090187
tmax_mean,2012,Caribe,31.326271141218257,31.17120337851442,0.15506776270383682
tmax_mean,2012,Andina,23.787336683125012,24.1532379563675,-0.3659012732424891
tmax_mean,2012,Pacifica,25.036289278988228,24.951161462046255,0.08512781694197358
tmax_mean,2012,Orinoquia,28.85049721091197,30.7059995743421,-1.85550236343013
tmax_mean,2012,Amazonia,27.81161312615508,29.235361397029138,-1.4237482708740572
tmax_mean,2012,Colombia,27.35237186921202,28.324168714931773,-0.9717968457197514
tmax_mean,2013,Caribe,30.083911126504102,31.17120337851442,-1.087292252010318
tmax_mean,2013,Andina,24.16778723324453,24.1532379563675,0.014549276877026784
tmax_mean,2013,Pacifica,24.82566727732189,24.951161462046255,-0.12549418472436358
tmax_mean,2013,Orinoquia,30.213724738209862,30.7059995743421,-0.4922748361322391
tmax_mean,2013,Amazonia,29.1684803455165,29.235361397029138,-0.06688105151263812
tmax_mean,2013,Colombia,28.055010510997114,28.324168714931773,-0.2691582039346585
tmax_mean,2014,Caribe,31.240642786519548,31.17120337851442,0.06943940800512749
tmax_mean,2014,Andina,24.00892548133099,24.1532379563675,-0.1443124750365108
tmax_mean,2014,Pacifica,24.649484233792165,24.951161462046255,-0.30167722825408916
tmax_mean,2014,Orinoquia,31.308023666554195,30.7059995743421,0.6020240922120941
tmax_mean,2014,Amazonia,29.188970131134774,29.235361397029138,-0.04639126589436415
tmax_mean,2014,Colombia,28.39123510703275,28.324168714931773,0.0670663921009762
tmax_mean,2015,Caribe,31.799592918618643,31.17120337851442,0.628389540104223
tmax_mean,2015,Andina,24.160294113556738,24.1532379563675,0.007056157189236245
tmax_mean,2015,Pacifica,24.905245291207404,24.951161462046255,-0.04591617083885069
tmax_mean,2015,Orinoquia,30.9922204143975,30.7059995743421,0.2862208400553996
tmax_mean,2015,Amazonia,28.836773139429777,29.235361397029138,-0.3985882575993607
tmax_mean,2015,Colombia,28.315145559387968,28.324168714931773,-0.009023155543804506
tmax_mean,2016,Caribe,33.81036958566901,31.17120337851442,2.639166207154588
tmax_mean,2016,Andina,26.053999331330886,24.1532379563675,1.900761374963384
tmax_mean,2016,Pacifica,25.968968648346216,24.951161462046255,1.0178071862999616
tmax_mean,2016,Orinoquia,32.176363559455254,30.7059995743421,1.4703639851131527
tmax_mean,2016,Amazonia,29.918060117796365,29.235361397029138,0.6826987207672275
tmax_mean,2016,Colombia,29.681875296124495,28.324168714931773,1.3577065811927227
tmax_mean,2017,Caribe,31.044911263626176,31.17120337851442,-0.1262921148882441
tmax_mean,2017,Andina,23.697461560923742,24.1532379563675,-0.4557763954437597
tmax_mean,2017,Pacifica,25.07589907696456,24.951161462046255,0.12473761491830615
tmax_mean,2017,Orinoquia,29.718180171644146,30.7059995743421,-0.987819402697955
tmax_mean,2017,Amazonia,29.02574351526109,29.235361397029138,-0.20961788176804674
tmax_mean,2017,Colombia,27.935268201774054,28.324168714931773,-0.38890051315771856
tmax_mean,2018,Caribe,32.48025894810068,31.17120337851442,1.3090555695862633
tmax_mean,2018,Andina,25.117012063812194,24.1532379563675,0.9637741074446922
tmax_mean,2018,Pacifica,25.340973594505332,24.951161462046255,0.38981213245907753
tmax_mean,2018,Orinoquia,31.632933009789895,30.7059995743421,0.9269334354477934
tmax_mean,2018,Amazonia,29.806065958875916,29.235361397029138,0.5707045618467781
tmax_mean,2018,Colombia,29.116394024092422,28.324168714931773,0.7922253091606493
tmax_mean,2019,Caribe,32.39037791621335,31.17120337851442,1.2191745376989331
tmax_mean,2019,Andina,24.94502042470597,24.1532379563675,0.791782468338468
tmax_mean,2019,Pacifica,25.76696389970947,24.951161462046255,0.8158024376632156
tmax_mean,2019,Orinoquia,31.493361093301388,30.7059995743421,0.7873615189592869
tmax_mean,2019,Amazonia,29.28471225501308,29.235361397029138,0.04935085798394212
tmax_mean,2019,Colombia,28.902501159261803,28.324168714931773,0.5783324443300302
tmax_mean,2020,Caribe,33.74331255272138,31.17120337851442,2.5721091742069575
tmax_mean,2020,Andina,25.95540113980727,24.1532379563675,1.8021631834397702
tmax_mean,2020,Pacifica,25.966992961968078,24.951161462046255,1.0158314999218234
tmax_mean,2020,Orinoquia,33.18794731176536,30.7059995743421,2.481947737423262
tmax_mean,2020,Amazonia,30.689886594701452,29.235361397029138,1.4545251976723144
tmax_mean,2020,Colombia,30.158578399752027,28.324168714931773,1.8344096848202547
tmax_mean,2021,Caribe,32.10521095983244,31.17120337851442,0.9340075813180206
tmax_mean,2021,Andina,23.803968586127308,24.1532379563675,-0.34926937024019367
tmax_mean,2021,Pacifica,24.781406509686736,24.951161462046255,-0.16975495235951854
tmax_mean,2021,Orinoquia,30.349330218195927,30.7059995743421,-0.356669356146174
tmax_mean,2021,Amazonia,28.717725782324614,29.235361397029138,-0.517635614704524
tmax_mean,2021,Colombia,28.077841026203167,28.324168714931773,-0.24632768872860566
tmax_mean,2022,Caribe,30.832697826734435,31.17120337851442,-0.33850555177998487
tmax_mean,2022,Andina,23.528612623697114,24.1532379563675,-0.6246253326703872
tmax_mean,2022,Pacifica,24.602479052926586,24.951161462046255,-0.3486824091196681
tmax_mean,2022,Orinoquia,30.399701314624345,30.7059995743421,-0.3062982597177566
tmax_mean,2022,Amazonia,28.739609270629426,29.235361397029138,-0.49575212639971156
tmax_mean,2022,Colombia,27.88005346534005,28.324168714931773,-0.44411524959172155
tmax_mean,2023,Caribe,31.20249988096584,31.17120337851442,0.03129650245141846
tmax_mean,2023,Andina,23.36613962053952,24.1532379563675,-0.7870983358279808
tmax_mean,2023,Pacifica,24.68689851244646,24.951161462046255,-0.264262949599793
tmax_mean,2023,Orinoquia,31.02309750348833,30.7059995743421,0.3170979291462288
tmax_mean,2023,Amazonia,29.64442377877168,29.235361397029138,0.40906238174254383
tmax_mean,2023,Colombia,28.361787467104794,28.324168714931773,0.03761875217302091
tmax_mean,2024,Caribe,33.47917310434657,31.17120337851442,2.3079697258321517
tmax_mean,2024,Andina,26.278618644639664,24.1532379563675,2.1253806882721626
tmax_mean,2024,Pacifica,26.22888099661015,24.951161462046255,1.2777195345638965
tmax_mean,2024,Orinoquia,33.218140598639344,30.7059995743421,2.512141024297243
tmax_mean,2024,Amazonia,31.074152041220337,29.235361397029138,1.8387906441911994
tmax_mean,2024,Colombia,30.36380765173821,28.324168714931773,2.039638936806437
tmax_mean,2025,Caribe,31.326845710311492,31.17120337851442,0.15564233179707188
tmax_mean,2025,Andina,23.873215676539587,24.1532379563675,-0.2800222798279144
tmax_mean,2025,Pacifica,25.029704150708188,24.951161462046255,0.07854268866193337
tmax_mean,2025,Orinoquia,31.229703597339675,30.7059995743421,0.523704022997574
tmax_mean,2025,Amazonia,29.625537453207407,29.235361397029138,0.39017605617826945
tmax_mean,2025,Colombia,28.552918089702505,28.324168714931773,0.22874937477073232
tmax_mean,2026,Caribe,30.043658712746122,31.17120337851442,-1.1275446657682977
tmax_mean,2026,Andina,23.657017003858314,24.1532379563675,-0.4962209525091872
tmax_mean,2026,Pacifica,25.744227980795326,24.951161462046255,0.7930665187490717
tmax_mean,2026,Orinoquia,32.29552737213623,30.7059995743421,1.5895277977941262
tmax_mean,2026,Amazonia,30.77787493496365,29.235361397029138,1.5425135379345107
tmax_mean,2026,Colombia,29.095053992809017,28.324168714931773,0.7708852778772446
tmin_mean,1991,Caribe,22.995223589828313,23.19093628990174,-0.19571270007342534
tmin_mean,1991,Andina,16.363514754517706,16.42009407699105,-0.056579322473343296
tmin_mean,1991,Pacifica,19.347209663840545,19.23555770404877,0.11165195979177511
tmin_mean,1991,Orinoquia,22.30126489731653,22.81421790795242,-0.5129530106358899
tmin_mean,1991,Amazonia,22.491472875648498,22.442755255683203,0.048717619965295
tmin_mean,1991,Colombia,20.960781455446337,21.081110353940094,-0.1203288984937565
tmin_mean,1992,Caribe,23.453145161552197,23.19093628990174,0.2622088716504578
tmin_mean,1992,Andina,16.797493677469937,16.42009407699105,0.37739960047888843
tmin_mean,1992,Pacifica,19.607202001975708,19.23555770404877,0.3716442979269381
tmin_mean,1992,Orinoquia,22.89676071257823,22.81421790795242,0.0825428046258132
tmin_mean,1992,Amazonia,22.702312493940415,22.442755255683203,0.2595572382572122
tmin_mean,1992,Colombia,21.336029795027443,21.081110353940094,0.254919441087349
tmin_mean,1993,Caribe,22.750653207738072,23.19093628990174,-0.44028308216366696
tmin_mean,1993,Andina,15.896349490015961,16.42009407699105,-0.5237445869750879
tmin_mean,1993,Pacifica,18.818211513610926,19.23555770404877,-0.4173461904378435
tmin_mean,1993,Orinoquia,21.80527662134714,22.81421790795242,-1.0089412866052783
tmin_mean,1993,Amazonia,21.781673586003276,22.442755255683203,-0.6610816696799269
tmin_mean,1993,Colombia,20.419352593442117,21.081110353940094,-0.6617577604979772
tmin_mean,1994,Caribe,22.461359365435946,23.19093628990174,-0.7295769244657926
tmin_mean,1994,Andina,16.005303456685624,16.42009407699105,-0.4147906203054248
tmin_mean,1994,Pacifica,18.870012104633695,19.23555770404877,-0.3655455994150749
tmin_mean,1994,Orinoquia,22.221733968465276,22.81421790795242,-0.592483939487142
tmin_mean,1994,Amazonia,22.131934169396633,22.442755255683203,-0.3108210862865697
tmin_mean,1994,Colombia,20.632659373207332,21.081110353940094,-0.4484509807327619
tmin_mean,1995,Caribe,23.16160787124829,23.19093628990174,-0.029328418653449262
tmin_mean,1995,Andina,16.36304556839793,16.42009407699105,-0.05704850859311961
tmin_mean,1995,Pacifica,19.168169687621912,19.23555770404877,-0.06738801642685743
tmin_mean,1995,Orinoquia,22.659312955229517,22.81421790795242,-0.1549049527229016
tmin_mean,1995,Amazonia,22.477180574679878,22.442755255683203,0.034425318996675
tmin_mean,1995,Colombia,21.036239917589427,21.081110353940094,-0.04487043635066712
tmin_mean,1996,Caribe,22.58975208451627,23.19093628990174,-0.6011842053854686
tmin_mean,1996,Andina,16.049229378030198,16.42009407699105,-0.37086469896085106
tmin_mean,1996,Pacifica,18.94879732673184,19.23555770404877,-0.2867603773169307
tmin_mean,1996,Orinoquia,22.884988189653573,22.81421790795242,0.0707702817011544
tmin_mean,1996,Amazonia,22.349593959658545,22.442755255683203,-0.0931612960246575
tmin_mean,1996,Colombia,20.892400316752475,21.081110353940094,-0.1887100371876187
tmin_mean,1997,Caribe,22.670572026838933,23.19093628990174,-0.520364263062806
tmin_mean,1997,Andina,16.15501702702316,16.42009407699105,-0.26507704996788917
tmin_mean,1997,Pacifica,19.21383381042658,19.23555770404877,-0.02172389362219107
tmin_mean,1997,Orinoquia,22.297055445965345,22.81421790795242,-0.5171624619870734
tmin_mean,1997,Amazonia,22.2491351027093,22.442755255683203,-0.193620152973903
tmin_mean,1997,Colombia,20.78183316386327,21.081110353940094,-0.2992771900768254
tmin_mean,1998,Caribe,24.057779931865916,23.19093628990174,0.8668436419641772
tmin_mean,1998,Andina,17.677187536174614,16.42009407699105,1.2570934591835652
tmin_mean,1998,Pacifica,20.34530022571702,19.23555770404877,1.1097425216682488
tmin_mean,1998,Orinoquia,23.529408574257218,22.81421790795242,0.7151906663047995
tmin_mean,1998,Amazonia,23.282184173952217,22.442755255683203,0.8394289182690144
tmin_mean,1998,Colombia,22.00672884934706,21.081110353940094,0.9256184954069653
tmin_mean,1999,Caribe,22.356321431832306,23.19093628990174,-0.8346148580694326
tmin_mean,1999,Andina,15.613079060890977,16.42009407699105,-0.8070150161000722
tmin_mean,1999,Pacifica,18.54661041410649,19.23555770404877,-0.6889472899422806
tmin_mean,1999,Orinoquia,21.829950334272635,22.81421790795242,-0.9842675736797837
tmin_mean,1999,Amazonia,22.005776227713014,22.442755255683203,-0.43697902797018884
tmin_mean,1999,Colombia,20.374789386225892,21.081110353940094,-0.7063209677142019
tmin_mean,2000,Caribe,22.204755073095267,23.19093628990174,-0.9861812168064716
tmin_mean,2000,Andina,15.45339152575123,16.42009407699105,-0.966702551239818
tmin_mean,2000,Pacifica,18.369846373110878,19.23555770404877,-0.8657113309378914
tmin_mean,2000,Orinoquia,22.665238774294334,22.81421790795242,-0.14897913365808435
tmin_mean,2000,Amazonia,21.933652126634247,22.442755255683203,-0.509103129048956
tmin_mean,2000,Colombia,20.47149986072182,21.081110353940094,-0.6096104932182733
tmin_mean,2001,Caribe,22.379898821428775,23.19093628990174,-0.8110374684729642
tmin_mean,2001,Andina,15.738616368323372,16.42009407699105,-0.6814777086676767
tmin_mean,2001,Pacifica,18.682430655631915,19.23555770404877,-0.5531270484168544
tmin_mean,2001,Orinoquia,22.25946138881301,22.81421790795242,-0.5547565191394099
tmin_mean,2001,Amazonia,22.013287182325257,22.442755255683203,-0.42946807335794546
tmin_mean,2001,Colombia,20.517233491637388,21.081110353940094,-0.5638768623027062
tmin_mean,2002,Caribe,23.273240567561587,23.19093628990174,0.08230427765984771
tmin_mean,2002,Andina,16.399349960142057,16.42009407699105,-0.020744116848991467
tmin_mean,2002,Pacifica,19.31193367482169,19.23555770404877,0.07637597077292213
tmin_mean,2002,Orinoquia,22.56454466157764,22.81421790795242,-0.24967324637477972
tmin_mean,2002,Amazonia,22.231352579130757,22.442755255683203,-0.2114026765524457
tmin_mean,2002,Colombia,20.962915881240804,21.081110353940094,-0.11819447269929029
tmin_mean,2003,Caribe,23.31160145484963,23.19093628990174,0.1206651649478907
tmin_mean,2003,Andina,16.467725923686945,16.42009407699105,0.047631846695896485
tmin_mean,2003,Pacifica,19.3103611506725,19.23555770404877,0.07480344662372929
tmin_mean,2003,Orinoquia,22.97591790152842,22.81421790795242,0.16169999357600062
tmin_mean,2003,Amazonia,22.389906365911205,22.442755255683203,-0.05284888977199742
tmin_mean,2003,Colombia,21.13025633187294,21.081110353940094,0.04914597793284514
tmin_mean,2004,Caribe,23.76514764709076,23.19093628990174,0.5742113571890215
tmin_mean,2004,Andina,16.707277018263973,16.42009407699105,0.2871829412729241
tmin_mean,2004,Pacifica,19.455106772078544,19.23555770404877,0.21954906802977447
tmin_mean,2004,Orinoquia,22.619539799015403,22.81421790795242,-0.19467810893701554
tmin_mean,2004,Amazonia,22.39285939291276,22.442755255683203,-0.04989586277044111
tmin_mean,2004,Colombia,21.164124165315513,21.081110353940094,0.08301381137541952
tmin_mean,2005,Caribe,23.788938424811093,23.19093628990174,0.598002134909354
tmin_mean,2005,Andina,16.525223348174926,16.42009407699105,0.10512927118387694
tmin_mean,2005,Pacifica,19.164941829250196,19.23555770404877,-0.07061587479857323
tmin_mean,2005,Orinoquia,22.967531823915106,22.81421790795242,0.15331391596268773
tmin_mean,2005,Amazonia,22.74971232737107,22.442755255683203,0.3069570716878687
tmin_mean,2005,Colombia,21.30512561285848,21.081110353940094,0.22401525891838503
tmin_mean,2006,Caribe,23.06134331318884,23.19093628990174,-0.1295929767128996
tmin_mean,2006,Andina,16.174046552142897,16.42009407699105,-0.2460475248481515
tmin_mean,2006,Pacifica,19.024898157489318,19.23555770404877,-0.21065954655945163
tmin_mean,2006,Orinoquia,22.47515609217697,22.81421790795242,-0.33906181577544814
tmin_mean,2006,Amazonia,22.26069694065304,22.442755255683203,-0.18205831503016157
tmin_mean,2006,Colombia,20.853604694290084,21.081110353940094,-0.22750565965001002
tmin_mean,2007,Caribe,23.277385470308957,23.19093628990174,0.08644918040721805
tmin_mean,2007,Andina,16.4765805231521,16.42009407699105,0.056486446161052584
tmin_mean,2007,Pacifica,19.153888112585822,19.23555770404877,-0.08166959146294772
tmin_mean,2007,Orinoquia,23.186048242083107,22.81421790795242,0.37183033413068856
tmin_mean,2007,Amazonia,22.534362242187584,22.442755255683203,0.09160698650438093
tmin_mean,2007,Colombia,21.21005216077639,21.081110353940094,0.12894180683629486
tmin_mean,2008,Caribe,22.495619280903227,23.19093628990174,-0.6953170089985115
tmin_mean,2008,Andina,15.521031468704933,16.42009407699105,-0.8990626082861155
tmin_mean,2008,Pacifica,18.40513980001881,19.23555770404877,-0.8304179040299609
tmin_mean,2008,Orinoquia,22.696534668927736,22.81421790795242,-0.11768323902468225
tmin_mean,2008,Amazonia,21.992323491638828,22.442755255683203,-0.45043176404437446
tmin_mean,2008,Colombia,20.5493353018086,21.081110353940094,-0.5317750521314935
tmin_mean,2009,Caribe,22.57714460570641,23.19093628990174,-0.6137916841953306
tmin_mean,2009,Andina,16.04322724993482,16.42009407699105,-0.3768668270562294
tmin_mean,2009,Pacifica,18.982072360862094,19.23555770404877,-0.25348534318667504
tmin_mean,2009,Orinoquia,22.56075885531508,22.81421790795242,-0.25345905263733925
tmin_mean,2009,Amazonia,22.192213585279113,22.442755255683203,-0.2505416704040897
tmin_mean,2009,Colombia,20.76388281935434,21.081110353940094,-0.31722753458575426
tmin_mean,2010,Caribe,23.982256814249535,23.19093628990174,0.7913205243477961
tmin_mean,2010,Andina,17.316254188597803,16.42009407699105,0.8961601116067541
tmin_mean,2010,Pacifica,19.954097142441316,19.23555770404877,0.718539438392547
tmin_mean,2010,Orinoquia,23.34945735120957,22.81421790795242,0.5352394432571508
tmin_mean,2010,Amazonia,23.28107086015816,22.442755255683203,0.8383156044749569
tmin_mean,2010,Colombia,21.84342749820461,21.081110353940094,0.7623171442645145
tmin_mean,2011,Caribe,22.155770689968463,23.19093628990174,-1.0351655999332756
tmin_mean,2011,Andina,15.674760719281418,16.42009407699105,-0.7453333577096313
tmin_mean,2011,Pacifica,18.612033190219197,19.23555770404877,-0.6235245138295724
tmin_mean,2011,Orinoquia,22.354608322356246,22.81421790795242,-0.4596095855961728
tmin_mean,2011,Amazonia,22.19462225235577,22.442755255683203,-0.24813300332743182
tmin_mean,2011,Colombia,20.557712677151248,21.081110353940094,-0.5233976767888464
tmin_mean,2012,Caribe,23.156305916418265,23.19093628990174,-0.03463037348347342
tmin_mean,2012,Andina,16.05181459193127,16.42009407699105,-0.36827948505978014
tmin_mean,2012,Pacifica,19.110377612022646,19.23555770404877,-0.1251800920261239
tmin_mean,2012,Orinoquia,22.228147237605192,22.81421790795242,-0.586070670347226
tmin_mean,2012,Amazonia,21.817285215258632,22.442755255683203,-0.6254700404245703
tmin_mean,2012,Colombia,20.636293273173045,21.081110353940094,-0.4448170807670486
tmin_mean,2013,Caribe,23.486847441451882,23.19093628990174,0.29591115155014336
tmin_mean,2013,Andina,16.745900502687526,16.42009407699105,0.3258064256964772
tmin_mean,2013,Pacifica,19.515170171873127,19.23555770404877,0.2796124678243572
tmin_mean,2013,Orinoquia,22.821301124754854,22.81421790795242,0.007083216802435288
tmin_mean,2013,Amazonia,22.496683657261904,22.442755255683203,0.05392840157870182
tmin_mean,2013,Colombia,21.229603591924853,21.081110353940094,0.14849323798475922
tmin_mean,2014,Caribe,23.206300389727822,23.19093628990174,0.015364099826083333
tmin_mean,2014,Andina,16.483185236738347,16.42009407699105,0.06309115974729806
tmin_mean,2014,Pacifica,19.16908321574066,19.23555770404877,-0.06647448830810987
tmin_mean,2014,Orinoquia,22.86102071060756,22.81421790795242,0.04680280265514014
tmin_mean,2014,Amazonia,22.30848421053818,22.442755255683203,-0.13427104514502375
tmin_mean,2014,Colombia,21.050975458906134,21.081110353940094,-0.030134895033960163
tmin_mean,2015,Caribe,23.46997591937573,23.19093628990174,0.2790396294739921
tmin_mean,2015,Andina,16.657097726920473,16.42009407699105,0.2370036499294237
tmin_mean,2015,Pacifica,19.419874278940192,19.23555770404877,0.1843165748914224
tmin_mean,2015,Orinoquia,23.219943797588304,22.81421790795242,0.4057258896358853
tmin_mean,2015,Amazonia,22.45833068283936,22.442755255683203,0.015575427156157673
tmin_mean,2015,Colombia,21.27695393340793,21.081110353940094,0.19584357946783726
tmin_mean,2016,Caribe,24.78534524246649,23.19093628990174,1.594408952564752
tmin_mean,2016,Andina,17.914372791234282,16.42009407699105,1.494278714243233
tmin_mean,2016,Pacifica,20.269130231550445,19.23555770404877,1.0335725275016756
tmin_mean,2016,Orinoquia,24.214264389702343,22.81421790795242,1.400046481749925
tmin_mean,2016,Amazonia,23.391883879364432,22.442755255683203,0.9491286236812293
tmin_mean,2016,Colombia,22.32158447082106,21.081110353940094,1.2404741168809643
tmin_mean,2017,Caribe,23.447823785181214,23.19093628990174,0.2568874952794751
tmin_mean,2017,Andina,16.502141726188935,16.42009407699105,0.08204764919788587
tmin_mean,2017,Pacifica,19.33895880665274,19.23555770404877,0.1034011026039714
tmin_mean,2017,Orinoquia,22.76278916762643,22.81421790795242,-0.05142874032598854
tmin_mean,2017,Amazonia,22.412498599303554,22.442755255683203,-0.030256656379648916
tmin_mean,2017,Colombia,21.115026259181725,21.081110353940094,0.03391590524163135
tmin_mean,2018,Caribe,23.540159223551836,23.19093628990174,0.34922293365009693
tmin_mean,2018,Andina,16.551372657555035,16.42009407699105,0.13127858056398622
tmin_mean,2018,Pacifica,19.300430851702142,19.23555770404877,0.0648731476533726
tmin_mean,2018,Orinoquia,23.307338500330587,22.81421790795242,0.49312059237816896
tmin_mean,2018,Amazonia,22.682836974690762,22.442755255683203,0.24008171900755926
tmin_mean,2018,Colombia,21.350587372425718,21.081110353940094,0.2694770184856239
tmin_mean,2019,Caribe,23.979352921400224,23.19093628990174,0.7884166314984853
tmin_mean,2019,Andina,17.169270724242118,16.42009407699105,0.749176647251069
tmin_mean,2019,Pacifica,19.880247162517275,19.23555770404877,0.6446894584685054
tmin_mean,2019,Orinoquia,23.775616725504833,22.81421790795242,0.9613988175524142
tmin_mean,2019,Amazonia,22.778004685037153,22.442755255683203,0.33524942935395075
tmin_mean,2019,Colombia,21.72478777926171,21.081110353940094,0.6436774253216164
tmin_mean,2020,Caribe,23.886461023459947,23.19093628990174,0.6955247335582087
tmin_mean,2020,Andina,17.109961556870907,16.42009407699105,0.6898674798798581
tmin_mean,2020,Pacifica,19.771362822616975,19.23555770404877,0.5358051185682058
tmin_mean,2020,Orinoquia,24.13556600455436,22.81421790795242,1.321348096601941
tmin_mean,2020,Amazonia,23.2993272559425,22.442755255683203,0.8565720002592982
tmin_mean,2020,Colombia,21.95751313296701,21.081110353940094,0.8764027790269147
tmin_mean,2021,Caribe,23.205088712445875,23.19093628990174,0.014152422544135845
tmin_mean,2021,Andina,16.19484593753497,16.42009407699105,-0.22524813945607747
tmin_mean,2021,Pacifica,19.059880188710494,19.23555770404877,-0.17567751533827547
tmin_mean,2021,Orinoquia,22.62354135390791,22.81421790795242,-0.1906765540445079
tmin_mean,2021,Amazonia,22.12669529260321,22.442755255683203,-0.3160599630799936
tmin_mean,2021,Colombia,20.863943929604137,21.081110353940094,-0.21716642433595723
tmin_mean,2022,Caribe,23.04982196342976,23.19093628990174,-0.1411143264719783
tmin_mean,2022,Andina,16.231312234076306,16.42009407699105,-0.18878184291474298
tmin_mean,2022,Pacifica,19.042939067212714,19.23555770404877,-0.1926186368360554
tmin_mean,2022,Orinoquia,22.8596455640062,22.81421790795242,0.04542765605378207
tmin_mean,2022,Amazonia,22.311518313191517,22.442755255683203,-0.13123694249168594
tmin_mean,2022,Colombia,20.97097392281364,21.081110353940094,-0.11013643112645255
tmin_mean,2023,Caribe,23.002396763220688,23.19093628990174,-0.18853952668105123
tmin_mean,2023,Andina,16.3111847269793,16.42009407699105,-0.10890935001174995
tmin_mean,2023,Pacifica,19.125539719118272,19.23555770404877,-0.11001798493049719
tmin_mean,2023,Orinoquia,22.71500326671703,22.81421790795242,-0.09921464123538826
tmin_mean,2023,Amazonia,22.36061728581368,22.442755255683203,-0.08213796986952104
tmin_mean,2023,Colombia,20.97479367941727,21.081110353940094,-0.10631667452282301
tmin_mean,2024,Caribe,24.654747432054137,23.19093628990174,1.463811142152398
tmin_mean,2024,Andina,17.800504041801567,16.42009407699105,1.380409964810518
tmin_mean,2024,Pacifica,20.4027497223302,19.23555770404877,1.1671920182814297
tmin_mean,2024,Orinoquia,24.572857952530967,22.81421790795242,1.7586400445785486
tmin_mean,2024,Amazonia,23.773389156072135,22.442755255683203,1.330633900388932
tmin_mean,2024,Colombia,22.51598619041348,21.081110353940094,1.4348758364733847
tmin_mean,2025,Caribe,23.669633554216816,23.19093628990174,0.47869726431507686
tmin_mean,2025,Andina,16.59412304832438,16.42009407699105,0.17402897133333184
tmin_mean,2025,Pacifica,19.446479448182977,19.23555770404877,0.2109217441342075
tmin_mean,2025,Orinoquia,23.210713171057442,22.81421790795242,0.3964952631050238
tmin_mean,2025,Amazonia,22.712760346651503,22.442755255683203,0.2700050909683007
tmin_mean,2025,Colombia,21.378164811264604,21.081110353940094,0.29705445732450997
tmin_mean,2026,Caribe,23.069583462078963,23.19093628990174,-0.12135282782277557
tmin_mean,2026,Andina,16.539240809972725,16.42009407699105,0.119146732981676
tmin_mean,2026,Pacifica,19.587684290917117,19.23555770404877,0.35212658686834786
tmin_mean,2026,Orinoquia,23.985164931201503,22.81421790795242,1.1709470232490844
tmin_mean,2026,Amazonia,23.241583438529457,22.442755255683203,0.798828182846254
tmin_mean,2026,Colombia,21.678860357503464,21.081110353940094,0.5977500035633696
